{
  "server_port": 26613,
  "max_talk_ms": 300000,
  "http_root": "dashboard",
  "http_port": 8080,
  "users": [
    {
      "callsign": "DL0XYZ",
      "password": "passw0rd",
      "is_admin": true,
      "talkgroups": ["admin", "weather", "gateway"]
    }
  ],
  "talkgroups": [
	{ "name": "admin" },
	{ "name": "weather" }
	{ "name": "gateway" }
  ],
  "time_announcement": {
    "enabled": true,
    "folder": "audio",
    "volume_factor": 0.4
  },
  "weather_enabled": true,
  "weather_host_ip": "api.openweathermap.org"
  "weather_talkgroup": "weather",
  "weather_interval_sec": 600,
  "weather_api_key": "API_KEY",
  "weather_lat": "50.1109",
  "weather_lon": "8.6821",
  "weather_city_key": "frankfurt"
}
