{
  "mode": "server",
  "server_ip": "127.0.0.1",
  "server_port": 26613,
  "callsign": "DL0XYZ",
  "password": "passw0rd",
  "talkgroup": "gateway",
  "sample_rate": 22050,
  "frames_per_buffer": 1440,
  "channels": 1,
  "input_device_index": 0,
  "output_device_index": 2,
  "ptt_enabled": true,
  "ptt_pin": 3,
  "active_high": true,
  "ptt_hold_ms": 250,
  "vox_enabled": false,
  "vox_threshold": 5000,
  "input_gain": 100,
  "output_gain": 100,
  "ptt_cmd_on": "",
  "ptt_cmd_off": ""
}
